{
  "method": "Physics-Informed Neural Network (PINN)",
  "architecture": "2-64-64-64-2 MLP (tanh)",
  "n_parameters": 8642,
  "n_interior_points": 2000,
  "n_bc_points": 400,
  "n_epochs": 5000,
  "pde_residuals": {
    "(0,0)": {
      "R1": 0.005538184195756912,
      "R2": -0.005574993789196014
    },
    "(0.2,0.2)": {
      "R1": -0.0002883542329072952,
      "R2": -0.0020621707662940025
    },
    "(-0.2,-0.3)": {
      "R1": 0.0024718064814805984,
      "R2": 0.009542899206280708
    },
    "(0.4,-0.4)": {
      "R1": -0.0017169034108519554,
      "R2": -0.0032314108684659004
    }
  },
  "bc_residuals": {
    "left(x=-0.5,y=-0.3)": {
      "R1": -0.006809723377227794,
      "R2": -0.009131503105163585
    },
    "left(x=-0.5,y=0.0)": {
      "R1": 0.002124696969985962,
      "R2": 0.002320699393749237
    },
    "left(x=-0.5,y=0.2)": {
      "R1": -0.005543139576911937,
      "R2": -0.0027473390102386586
    },
    "left(x=-0.5,y=0.4)": {
      "R1": 0.008392459154129006,
      "R2": 0.0074249565601348655
    },
    "right(x=0.5,y=-0.3)": {
      "R1": -0.0007003210484981537,
      "R2": -0.00033090822398662567
    },
    "right(x=0.5,y=0.0)": {
      "R1": 3.424100577831268e-05,
      "R2": 3.950204700231552e-05
    },
    "right(x=0.5,y=0.2)": {
      "R1": 0.0008653923869132996,
      "R2": 0.0005220486782491207
    },
    "right(x=0.5,y=0.4)": {
      "R1": -0.00018249358981847763,
      "R2": -0.00021457811817526817
    },
    "top(x=-0.3,y=0.5)": {
      "R1": 0.0013950914144515991,
      "R2": 0.0003526061773300171
    },
    "top(x=0.0,y=0.5)": {
      "R1": -1.4692544937133789e-05,
      "R2": 0.00016923248767852783
    },
    "top(x=0.2,y=0.5)": {
      "R1": 0.00047403573989868164,
      "R2": -0.00011189281940460205
    },
    "top(x=0.4,y=0.5)": {
      "R1": -6.76959753036499e-05,
      "R2": 0.00019225478172302246
    },
    "bottom(x=-0.3,y=-0.5)": {
      "R1": 0.0036324411630630493,
      "R2": 0.002565525472164154
    },
    "bottom(x=0.0,y=-0.5)": {
      "R1": -0.0005724132061004639,
      "R2": -0.0006456635892391205
    },
    "bottom(x=0.2,y=-0.5)": {
      "R1": 7.891654968261719e-05,
      "R2": 0.00016741827130317688
    },
    "bottom(x=0.4,y=-0.5)": {
      "R1": 0.00011036358773708344,
      "R2": 0.00038533471524715424
    }
  },
  "solution_values": {
    "(0,0)": {
      "phi1": -0.01567477360367775,
      "phi2": -0.0006157532334327698
    },
    "(0.2,0.2)": {
      "phi1": -0.005251679569482803,
      "phi2": 0.01828574389219284
    },
    "(-0.2,-0.3)": {
      "phi1": -0.058806393295526505,
      "phi2": -0.08117666095495224
    },
    "(0.4,-0.4)": {
      "phi1": -0.027994457632303238,
      "phi2": -0.02181834727525711
    }
  },
  "max_pde_residual": 0.009542899206280708,
  "max_bc_residual": 0.009131503105163585,
  "train_time_s": 98.62446808815002,
  "total_time_s": 98.62446808815002,
  "final_pde_loss": 0.0003025461046490818,
  "final_bc_loss": 0.00016972512821666896
}