{
  "method": "PINN",
  "combined_score": 0.9472680534575955,
  "mean_pde_residual": 0.04583513080168869,
  "mean_bc_residual": 0.009832265929288627,
  "runtime_seconds": 5.557313919067383,
  "n_steps": 3000,
  "architecture": "[2, 40, 40, 2]"
}