{
  "method": "Chebyshev Spectral Collocation",
  "N": 30,
  "grid": "30x30",
  "dof": 1800,
  "pde_residuals": {
    "(0,0)": {
      "R1": 1.1029885207367317e-09,
      "R2": -6.94238570135232e-10
    },
    "(0.2,0.2)": {
      "R1": -1.290855289262302e-06,
      "R2": -1.291259220737159e-06
    },
    "(-0.2,-0.3)": {
      "R1": 7.222093960465581e-06,
      "R2": 7.221584097848177e-06
    },
    "(0.4,-0.4)": {
      "R1": 2.2066744811456707e-07,
      "R2": 2.2134398739272546e-07
    }
  },
  "bc_residuals": {
    "left(x=-0.5,y=-0.3)": {
      "R1": 0.5999999974281214,
      "R2": 0.5999999967499139
    },
    "left(x=-0.5,y=0.0)": {
      "R1": 8.077935669463161e-24,
      "R2": -1.0097419586828951e-24
    },
    "left(x=-0.5,y=0.2)": {
      "R1": -0.39999999881378795,
      "R2": -0.39999999836213534
    },
    "left(x=-0.5,y=0.4)": {
      "R1": -0.8000000017419236,
      "R2": -0.8000000008393817
    },
    "right(x=0.5,y=-0.3)": {
      "R1": -5.540706782269922e-11,
      "R2": -5.891988286155225e-11
    },
    "right(x=0.5,y=0.0)": {
      "R1": -8.135254921404443e-14,
      "R2": -4.3068996645045874e-14
    },
    "right(x=0.5,y=0.2)": {
      "R1": 3.0895425107146934e-11,
      "R2": 2.9052281413921577e-11
    },
    "right(x=0.5,y=0.4)": {
      "R1": -1.8492152253912764e-11,
      "R2": -2.018350764299015e-11
    },
    "top(x=-0.3,y=0.5)": {
      "R1": 6.039849433092659e-05,
      "R2": 6.039849856365187e-05
    },
    "top(x=0.0,y=0.5)": {
      "R1": 3.078223072272568e-05,
      "R2": 3.0782230705378444e-05
    },
    "top(x=0.2,y=0.5)": {
      "R1": 1.6293376040726892e-05,
      "R2": 1.6293375294795798e-05
    },
    "top(x=0.4,y=0.5)": {
      "R1": -1.945211578618933e-06,
      "R2": -1.945212402612584e-06
    },
    "bottom(x=-0.3,y=-0.5)": {
      "R1": 6.039850494743426e-05,
      "R2": 6.0398498147318236e-05
    },
    "bottom(x=0.0,y=-0.5)": {
      "R1": 3.078222787777918e-05,
      "R2": 3.078223074007291e-05
    },
    "bottom(x=0.2,y=-0.5)": {
      "R1": 1.6293369934500257e-05,
      "R2": 1.6293374149878304e-05
    },
    "bottom(x=0.4,y=-0.5)": {
      "R1": -1.945211335757646e-06,
      "R2": -1.9452012570142507e-06
    }
  },
  "solution_values": {
    "(0,0)": {
      "phi1": -9.44767252936319e-12,
      "phi2": 1.633651068828084e-12
    },
    "(0.2,0.2)": {
      "phi1": -0.010515903653321725,
      "phi2": -0.018785383773342726
    },
    "(-0.2,-0.3)": {
      "phi1": 0.04317719485058979,
      "phi2": 0.08077965957931617
    },
    "(0.4,-0.4)": {
      "phi1": 0.012253187675911232,
      "phi2": 0.021484788304480334
    }
  },
  "max_pde_residual": 7.222093960465581e-06,
  "max_bc_residual": 0.8000000017419236,
  "build_time_s": 0.0294039249420166,
  "solve_time_s": 0.03957200050354004,
  "total_time_s": 0.06913995742797852
}