{
  "method": "Chebyshev Spectral Collocation",
  "N": 30,
  "grid": "30x30",
  "dof": 1800,
  "pde_residuals": {
    "(0,0)": {
      "R1": -1.879317463143542e-13,
      "R2": 6.120461537010011e-13
    },
    "(0.2,0.2)": {
      "R1": -1.2919667265383073e-06,
      "R2": -1.292079284157387e-06
    },
    "(-0.2,-0.3)": {
      "R1": 7.227580840396416e-06,
      "R2": 7.228101379059836e-06
    },
    "(0.4,-0.4)": {
      "R1": 2.207958340607814e-07,
      "R2": 2.2080962865628936e-07
    }
  },
  "bc_residuals": {
    "left(x=-0.5,y=-0.3)": {
      "R1": 1.021405182655144e-14,
      "R2": 3.5915714846623814e-14
    },
    "left(x=-0.5,y=0.0)": {
      "R1": 7.797593988125912e-14,
      "R2": -3.460833152624619e-14
    },
    "left(x=-0.5,y=0.2)": {
      "R1": 5.009881398621019e-14,
      "R2": -2.061961712485072e-13
    },
    "left(x=-0.5,y=0.4)": {
      "R1": -9.492406860545088e-14,
      "R2": -2.644551244657123e-13
    },
    "right(x=0.5,y=-0.3)": {
      "R1": -2.966170744796457e-12,
      "R2": 5.557664799694124e-13
    },
    "right(x=0.5,y=0.0)": {
      "R1": 9.19229304370368e-14,
      "R2": 3.7370301084161777e-14
    },
    "right(x=0.5,y=0.2)": {
      "R1": -2.177128787456213e-12,
      "R2": -3.0289073865531954e-13
    },
    "right(x=0.5,y=0.4)": {
      "R1": -1.7593723191833341e-12,
      "R2": -5.6306943475828e-14
    },
    "top(x=-0.3,y=0.5)": {
      "R1": -6.041037454735987e-05,
      "R2": -6.041037859841622e-05
    },
    "top(x=0.0,y=0.5)": {
      "R1": -3.078817645360495e-05,
      "R2": -3.0788176451182906e-05
    },
    "top(x=0.2,y=0.5)": {
      "R1": -1.62965146753099e-05,
      "R2": -1.6296513805983428e-05
    },
    "top(x=0.4,y=0.5)": {
      "R1": 1.945593850513882e-06,
      "R2": 1.9455945582323564e-06
    },
    "bottom(x=-0.3,y=-0.5)": {
      "R1": -6.0410384945261755e-05,
      "R2": -6.0410377956951366e-05
    },
    "bottom(x=0.0,y=-0.5)": {
      "R1": -3.078817357282051e-05,
      "R2": -3.078817643548212e-05
    },
    "bottom(x=0.2,y=-0.5)": {
      "R1": -1.629650852495839e-05,
      "R2": -1.629651274100306e-05
    },
    "bottom(x=0.4,y=-0.5)": {
      "R1": 1.9455934610069427e-06,
      "R2": 1.9455834206368875e-06
    }
  },
  "solution_values": {
    "(0,0)": {
      "phi1": -9.44767252936319e-12,
      "phi2": 1.633651068828084e-12
    },
    "(0.2,0.2)": {
      "phi1": -0.010515903653321725,
      "phi2": -0.018785383773342726
    },
    "(-0.2,-0.3)": {
      "phi1": 0.04317719485058979,
      "phi2": 0.08077965957931617
    },
    "(0.4,-0.4)": {
      "phi1": 0.012253187675911232,
      "phi2": 0.021484788304480334
    }
  },
  "max_pde_residual": 7.228101379059836e-06,
  "max_bc_residual": 6.0410384945261755e-05,
  "build_time_s": 0.03178071975708008,
  "solve_time_s": 0.047369956970214844,
  "total_time_s": 0.0793149471282959
}