{
  "method": "Truncated Analytical (K=5)",
  "K": 5,
  "combined_score": 0.99946055407767,
  "mean_pde_residual": 4.0442938544640257e-05,
  "mean_bc_residual": 0.0004992941427531672,
  "runtime_seconds": 0.0003368854522705078
}