{
  "method": "Finite Difference Method (FDM)",
  "grid": "101x101",
  "pde_residuals": {
    "(0,0)": {
      "R1": -3.445649905111966e-12,
      "R2": -3.003310260403622e-12
    },
    "(0.2,0.2)": {
      "R1": 3.0656800277683964e-05,
      "R2": 2.916719320876179e-05
    },
    "(-0.2,-0.3)": {
      "R1": -9.040656392065444e-05,
      "R2": -9.070549707216984e-05
    },
    "(0.4,-0.4)": {
      "R1": -3.78306091984781e-05,
      "R2": -3.535392310983522e-05
    }
  },
  "bc_residuals": {
    "left(x=-0.5,y=-0.3)": {
      "R1": 0.00030386549232902516,
      "R2": 0.0002968057155380843
    },
    "left(x=-0.5,y=0.0)": {
      "R1": 1.1418784139252486e-15,
      "R2": 5.796605611930483e-16
    },
    "left(x=-0.5,y=0.2)": {
      "R1": -0.00020242463761571683,
      "R2": -0.00019773212353008107
    },
    "left(x=-0.5,y=0.4)": {
      "R1": -0.00039685590745819344,
      "R2": -0.00038744385187883257
    },
    "right(x=0.5,y=-0.3)": {
      "R1": -3.751192351533761e-06,
      "R2": -3.5302178194585032e-06
    },
    "right(x=0.5,y=0.0)": {
      "R1": -2.7510895378995762e-17,
      "R2": 7.397802416187555e-17
    },
    "right(x=0.5,y=0.2)": {
      "R1": 2.7218060531103427e-06,
      "R2": 2.5613486288530996e-06
    },
    "right(x=0.5,y=0.4)": {
      "R1": 4.414515801520746e-06,
      "R2": 4.154626738125944e-06
    },
    "top(x=-0.3,y=0.5)": {
      "R1": -2.216487132722378e-05,
      "R2": -2.1059886196050925e-05
    },
    "top(x=0.0,y=0.5)": {
      "R1": -9.599079725530757e-06,
      "R2": -8.832663003777164e-06
    },
    "top(x=0.2,y=0.5)": {
      "R1": -5.749655040271362e-06,
      "R2": -5.166631671105204e-06
    },
    "top(x=0.4,y=0.5)": {
      "R1": -4.137503256673725e-06,
      "R2": -3.6489433089675893e-06
    },
    "bottom(x=-0.3,y=-0.5)": {
      "R1": -2.2164871049668022e-05,
      "R2": -2.1059886820551377e-05
    },
    "bottom(x=0.0,y=-0.5)": {
      "R1": -9.599079725530757e-06,
      "R2": -8.832663003777164e-06
    },
    "bottom(x=0.2,y=-0.5)": {
      "R1": -5.749655057618597e-06,
      "R2": -5.166631723146908e-06
    },
    "bottom(x=0.4,y=-0.5)": {
      "R1": -4.137503282694577e-06,
      "R2": -3.648943300293972e-06
    }
  },
  "solution_values": {
    "(0,0)": {
      "phi1": -1.6179129266738802e-13,
      "phi2": -4.006694045527277e-15
    },
    "(0.2,0.2)": {
      "phi1": 0.010517648817816706,
      "phi2": 0.01878898804578681
    },
    "(-0.2,-0.3)": {
      "phi1": -0.04317954364713821,
      "phi2": -0.080785923823887
    },
    "(0.4,-0.4)": {
      "phi1": -0.012255741316444716,
      "phi2": -0.021489864696815093
    }
  },
  "max_pde_residual": 9.070549707216984e-05,
  "max_bc_residual": 0.00039685590745819344,
  "build_time_s": 0.04728984832763672,
  "solve_time_s": 0.08666276931762695,
  "total_time_s": 0.13416385650634766
}