{
  "method": "Analytical (Fourier-cosine + eigendecomposition)",
  "n_terms": 200,
  "max_pde_residual": 2.8102520310824275e-16,
  "max_bc_residual": 5.030106598469253e-07,
  "pde_residuals": {
    "(0,0)": {
      "R1": 7.029644297013411e-33,
      "R2": 3.562970397116386e-33
    },
    "(0.2,0.2)": {
      "R1": -8.239936510889834e-17,
      "R2": -4.7704895589362195e-18
    },
    "(-0.2,-0.3)": {
      "R1": 2.0122792321330962e-16,
      "R2": 2.8102520310824275e-16
    },
    "(0.4,-0.4)": {
      "R1": 1.3097162243624894e-16,
      "R2": 2.949029909160572e-17
    }
  },
  "bc_residuals": {
    "left(-0.5,-0.3)": {
      "R1": 1.1853201536959901e-07,
      "R2": 1.1853201542511016e-07
    },
    "left(-0.5,0.0)": {
      "R1": -1.1324720645472632e-19,
      "R2": -1.1324720645471765e-19
    },
    "left(-0.5,0.2)": {
      "R1": -4.547748344574387e-08,
      "R2": -4.547748344574387e-08
    },
    "left(-0.5,0.4)": {
      "R1": -5.030106598469253e-07,
      "R2": -5.030106598469253e-07
    },
    "right(0.5,-0.3)": {
      "R1": -0.0,
      "R2": -0.0
    },
    "right(0.5,0.0)": {
      "R1": -0.0,
      "R2": -0.0
    },
    "right(0.5,0.2)": {
      "R1": -0.0,
      "R2": -0.0
    },
    "right(0.5,0.4)": {
      "R1": -0.0,
      "R2": -0.0
    },
    "top(-0.3,0.5)": {
      "R1": -3.088375908060555e-17,
      "R2": -2.934710499838149e-17
    },
    "top(0.0,0.5)": {
      "R1": -1.1653575763601635e-17,
      "R2": -1.0668183126074667e-17
    },
    "top(0.2,0.5)": {
      "R1": -6.910619996144835e-18,
      "R2": -6.1746482025098565e-18
    },
    "top(0.4,0.5)": {
      "R1": -4.9606056307162095e-18,
      "R2": -4.349303470791253e-18
    },
    "bottom(-0.3,-0.5)": {
      "R1": -0.0,
      "R2": -0.0
    },
    "bottom(0.0,-0.5)": {
      "R1": -0.0,
      "R2": -0.0
    },
    "bottom(0.2,-0.5)": {
      "R1": -0.0,
      "R2": -0.0
    },
    "bottom(0.4,-0.5)": {
      "R1": -0.0,
      "R2": -0.0
    }
  },
  "solution_values": {
    "(0,0)": {
      "phi1": -1.822167837361292e-18,
      "phi2": -3.332056648794042e-18
    },
    "(0.2,0.2)": {
      "phi1": 0.010515903473888047,
      "phi2": 0.018785383435193863
    },
    "(-0.2,-0.3)": {
      "phi1": -0.043177194038733616,
      "phi2": -0.08077965793525353
    },
    "(0.4,-0.4)": {
      "phi1": -0.012253187670229032,
      "phi2": -0.021484788271747476
    }
  },
  "computation_time_s": 0.017315149307250977
}