{
  "method": "Finite Element Method (FEM) - Bilinear Q1",
  "grid": "101x101",
  "dof": 20402,
  "pde_residuals": {
    "(0,0)": {
      "R1": -1.9195895148535736e-12,
      "R2": -3.2053671740055016e-12
    },
    "(0.2,0.2)": {
      "R1": -3.0986640134605253e-07,
      "R2": -2.9435976506959026e-07
    },
    "(-0.2,-0.3)": {
      "R1": 9.198627786248526e-07,
      "R2": 9.180144671643714e-07
    },
    "(0.4,-0.4)": {
      "R1": 3.823273347280595e-07,
      "R2": 3.562405038412021e-07
    }
  },
  "bc_residuals": {
    "left(x=-0.5,y=-0.3)": {
      "R1": 0.00030177914519230464,
      "R2": 0.0003013113511943222
    },
    "left(x=-0.5,y=0.0)": {
      "R1": 7.35117875869916e-16,
      "R2": 1.4841740479942918e-15
    },
    "left(x=-0.5,y=0.2)": {
      "R1": -0.00019997609478888956,
      "R2": -0.00019969054716167944
    },
    "left(x=-0.5,y=0.4)": {
      "R1": -0.00040501637337231333,
      "R2": -0.00040433779333293174
    },
    "right(x=0.5,y=-0.3)": {
      "R1": -3.54101113882177e-06,
      "R2": -3.3204064411179735e-06
    },
    "right(x=0.5,y=0.0)": {
      "R1": 7.068631240648433e-17,
      "R2": 4.346193525158329e-17
    },
    "right(x=0.5,y=0.2)": {
      "R1": 2.570243527559579e-06,
      "R2": 2.410027732935305e-06
    },
    "right(x=0.5,y=0.4)": {
      "R1": 4.1659287998430106e-06,
      "R2": 3.906509915899137e-06
    },
    "top(x=-0.3,y=0.5)": {
      "R1": -2.6552662013568096e-05,
      "R2": -2.532635275109829e-05
    },
    "top(x=0.0,y=0.5)": {
      "R1": -1.0449082744889981e-05,
      "R2": -9.615653152189596e-06
    },
    "top(x=0.2,y=0.5)": {
      "R1": -6.216177329820827e-06,
      "R2": -5.584153538878978e-06
    },
    "top(x=0.4,y=0.5)": {
      "R1": -4.465531746461471e-06,
      "R2": -3.936536391996315e-06
    },
    "bottom(x=-0.3,y=-0.5)": {
      "R1": -2.6552661944179157e-05,
      "R2": -2.532635275109829e-05
    },
    "bottom(x=0.0,y=-0.5)": {
      "R1": -1.0449082727542747e-05,
      "R2": -9.615653030758953e-06
    },
    "bottom(x=0.2,y=-0.5)": {
      "R1": -6.216177329820827e-06,
      "R2": -5.584153486837273e-06
    },
    "bottom(x=0.4,y=-0.5)": {
      "R1": -4.465531711767001e-06,
      "R2": -3.936536383322697e-06
    }
  },
  "solution_values": {
    "(0,0)": {
      "phi1": 7.012990100040527e-15,
      "phi2": -1.8751345066912307e-15
    },
    "(0.2,0.2)": {
      "phi1": 0.010513866568327873,
      "phi2": 0.018781653049164432
    },
    "(-0.2,-0.3)": {
      "phi1": -0.04317403281326943,
      "phi2": -0.0807736244595438
    },
    "(0.4,-0.4)": {
      "phi1": -0.012250191797018601,
      "phi2": -0.021479374928320853
    }
  },
  "max_pde_residual": 9.198627786248526e-07,
  "max_bc_residual": 0.00040501637337231333,
  "build_time_s": 0.5316958427429199,
  "solve_time_s": 0.1714339256286621,
  "total_time_s": 0.8239438533782959
}