{
  "method": "High-order FDM (4th-order)",
  "N": 200,
  "combined_score": 0.9999892021642873,
  "mean_pde_residual": 9.921445065084825e-06,
  "mean_bc_residual": 8.765072421222882e-07,
  "runtime_seconds": 6.597496032714844,
  "note": "FEM replacement: FEniCS/scikit-fem unavailable, using 4th-order FDM instead"
}